"longitude","locality","store_code","staff_numbers","opening_date","store_type","latitude","country_code","continent"
-0.74934,"High Wycombe","HI-9B97EE4E",34,"1996-10-25","Local",51.62907,"GB","Europ"
12.16179,"Landshut","LA-0772C7B9",92,"2013-04-12","Super Store",48.52961,"DE","Europ"
-2.1875,"Westbury","WE-1DE82CEE",69,"2014-01-02","Super Store",51.26,"GB","Europ"
-1.48119,"Belper","BE-18074576",35,"2019-09-09","Local",53.0233,"GB","Europ"
-0.76667,"Gainsborough","GA-CAD01AC2",36,"1995-05-15","Local",53.38333,"GB","Europ"
-4.21376,"Rutherglen","RU-C603E990",92,"2001-01-04","Super Store",55.82885,"GB","Europ"
9.17702,"Stuttgart","ST-229D997E",34,"2000-06-01","Local",48.78232,"DE","Europ"
-88.27205,"Kaukauna","KA-FA7ED3B8",31,"2022-09-05","Local",44.27804,"US","America"
0.30367,"Hartley","HA-974352FE",20,"2004-09-11","Local",51.38673,"GB","Europ"
-4.21376,"Rutherglen","RU-9F1136B4",32,"2012-10-08","Local",55.82885,"GB","Europ"
7.20769,"Siegburg","SI-ECD52CD9",25,"2015-07-14","Local",50.80019,"DE","Europ"
-1.99421,"Devizes","DE-585399CF",36,"2014-10-11","Local",51.35084,"GB","Europ"
-88.3162,"Crystal Lake","CR-792AA8BB",138,"2018-04-05","Super Store",42.24113,"US","America"
9.85,"Halstenbek","HA-39A446E2",38,"1994-03-08","Local",53.63333,"DE","Europ"
-0.32247,"Lancing","LA-9B0D9277",39,"2020-06-05","Local",50.82882,"GB","Europ"
-1.32471,"Newbury","NE-1D8B1D0C",33,"2004-05-02","Local",51.40148,"GB","Europ"
-1.5443,"Lymington","LY-4C3D5D6C",36,"2016-02-12","Local",50.75767,"GB","Europ"
-1.47217,"Chapletown","CH-6A561423",34,"2008-01-21","Local",53.46506,"GB","Europ"
-0.2,"Barnet","BA-898BDED3",109,"2022-08-01","Super Store",51.65,"GB","Europ"
0.93333,"East Dereham","EA-77ECA680",8,"1994-08-12","Mall Kiosk",52.68333,"GB","Europ"
-2.98333,"Poulton-Le-Fylde","PO-38790FAE",25,"2010-10-19","Local",53.83333,"GB","Europ"
-0.36053,"Bushey","BU-251A0E5A",35,"2013-08-05","Local",51.64316,"GB","Europ"
9.72749,"Ehingen","EH-91356030",38,"2017-12-12","Local",48.28259,"DE","Europ"
-2.09814,"Aberdeen","AB-917B715E",119,"2002-06-18","Super Store",57.14369,"GB","Europ"
-0.29825,"Surbiton","SU-0B4C9A5F",28,"2007-06-24","Local",51.39148,"GB","Europ"
-4.22398,"Inverness","IN-157E1191",29,"2017-11-04","Local",57.47908,"GB","Europ"
-0.76667,"Gainsborough","GA-DA8EEA4A",29,"2008-07-08","Local",53.38333,"GB","Europ"
-0.32247,"Lancing","LA-2B59A825",25,"1998-12-23","Local",50.82882,"GB","Europ"
11.32903,"Weimar","WE-31C8B335",27,"2011-03-11","Local",50.9803,"DE","Europ"
12.16179,"Landshut","LA-F1042C48",34,"2010-08-25","Local",48.52961,"DE","Europ"
0.93333,"East Dereham","EA-24B31935",78,"2012-11-09","Outlet",52.68333,"GB","Europ"
0.93333,"East Dereham","EA-7965E06D",96,"2016-10-07","Super Store",52.68333,"GB","Europ"
-5.53715,"Penzance","PE-040B15C3",135,"2018-08-15","Super Store",50.11861,"GB","Europ"
9.72749,"Ehingen","EH-DB8676C1",28,"1996-10-02","Local",48.28259,"DE","Europ"
9.02596,"Albstadt","AL-91D3A03C",30,"2018-06-18","Local",48.21644,"DE","Europ"
8.96317,"Hechingen","HE-E39F4BC6",31,"1995-06-04","Local",48.35149,"DE","Europ"
-2.98333,"Poulton-Le-Fylde","PO-47A01287",29,"1994-10-18","Local",53.83333,"GB","Europ"
-0.32247,"Lancing","LA-D78C5F3F",28,"2002-07-21","Local",50.82882,"GB","Europ"
-1.29243,"Mexborough","ME-31958763",90,"2013-12-23","Outlet",53.49389,"GB","Europ"
-2.58736,"Arbroath","AR-5E72668B",34,"2006-10-04","Local",56.56317,"GB","Europ"
-1.29772,"Cowes","CO-CB3D8C89",120,"1999-07-17","Super Store",50.76306,"GB","Europ"
1.15597,"Clacton-On-Sea","CL-5C7C3198",50,"1998-12-19","Outlet",51.78967,"GB","Europ"
-71.05977,"Boston","BO-17E7B6CE",75,"2019-07-28","Super Store",42.35843,"US","America"
13.29371,"Charlottenburg-Nord","CH-619E036C",118,"2017-10-21","Super Store",52.53048,"DE","Europ"
8.70745,"Bretten","BR-BC499EDD",37,"2020-05-13","Local",49.03685,"DE","Europ"
-1.32471,"Newbury","NE-E50207AD",67,"2019-12-24","Super Store",51.40148,"GB","Europ"
-1.48119,"Belper","BE-8C0CF738",26,"2002-04-03","Local",53.0233,"GB","Europ"
-1.32471,"Newbury","NE-374D3983",20,"2009-08-07","Local",51.40148,"GB","Europ"
-82.35176,"Sun City Center","SU-95D20AE9",30,"2004-05-23","Local",27.71809,"US","America"
-1.29243,"Mexborough","ME-FB62E459",40,"2001-07-11","Local",53.49389,"GB","Europ"
8.77155,"Karben","KA-653E783F",36,"1998-07-07","Local",50.23019,"DE","Europ"
-77.96389,"Martinsburg","MA-F0E23355",8,"2011-07-07","Mall Kiosk",39.45621,"US","America"
13.10984,"Oschatz","OS-70B2CD28",36,"2007-02-04","Local",51.30001,"DE","Europ"
-0.33525,"Kingston Upon Hull","KI-A53AF10A",6,"1993-10-13","Mall Kiosk",53.7446,"GB","Europ"
-2.68758,"Leyland","LE-63F3D33B",25,"2006-06-16","Local",53.69786,"GB","Europ"
-82.45426,"Venice","VE-93DA8430",22,"2006-02-23","Local",27.09978,"US","America"
-0.74934,"High Wycombe","HI-BAD4DD1C",24,"2019-09-08","Local",51.62907,"GB","Europ"
-4.21376,"Rutherglen","RU-1994A94D",83,"1993-09-03","Outlet",55.82885,"GB","Europ"
-2.68758,"Leyland","LE-84C48B9F",138,"2002-01-18","Super Store",53.69786,"GB","Europ"
9.5586,"Schleswig","SC-4928418D",82,"2009-04-14","Super Store",54.52156,"DE","Europ"
8.91229,"Eppingen","EP-105C3FB5",27,"2014-07-16","Local",49.13645,"DE","Europ"
-1.47217,"Chapletown","CH-7771B336",32,"2012-05-15","Local",53.46506,"GB","Europ"
6.74549,"Losheim","LO-AB6B6DF8",117,"2006-01-13","Super Store",49.5099,"DE","Europ"
7.11393,"Burscheid","BU-44F16401",22,"2019-01-11","Local",51.08468,"DE","Europ"
-4.21376,"Rutherglen","RU-9DF20437",7,"1994-05-26","Mall Kiosk",55.82885,"GB","Europ"
9.72749,"Ehingen","EH-DB65F258",21,"2015-02-16","Local",48.28259,"DE","Europ"
-1.08593,"Southsea","SO-6D328417",132,"2002-03-30","Super Store",50.79205,"GB","Europ"
-119.01677,"Porterville","PO-EB96293A",36,"2003-04-19","Local",36.06523,"US","America"
9.5926,"Walsrode","WA-34998EB8",7,"2017-04-15","Mall Kiosk",52.86147,"DE","Europ"
-3.52751,"Exeter","EX-2C210EBF",37,"1997-01-16","Local",50.7236,"GB","Europ"
-2.58736,"Arbroath","AR-E8FDEB2B",20,"2010-07-15","Local",56.56317,"GB","Europ"
-1.47217,"Chapletown","CH-164A23FB",29,"2017-10-11","Local",53.46506,"GB","Europ"
-0.76667,"Gainsborough","GA-BA05E5A8",131,"2012-08-16","Super Store",53.38333,"GB","Europ"
-1.47217,"Chapletown","CH-A44B48E6",130,"1998-12-12","Super Store",53.46506,"GB","Europ"
0.75,"Thetford","TH-D62B06B7",26,"1996-04-19","Local",52.41667,"GB","Europ"
12.16179,"Landshut","LA-6AAC1779",70,"2001-08-01","Outlet",48.52961,"DE","Europ"
-73.9625,"Morningside Heights","MO-E8CFF8FE",40,"2004-12-19","Local",40.81,"US","America"
6.74549,"Losheim","LO-D54E72B5",20,"1998-12-20","Local",49.5099,"DE","Europ"
0.93333,"East Dereham","EA-BE6D0CF8",29,"1999-11-14","Local",52.68333,"GB","Europ"
-1.48119,"Belper","BE-F4596696",23,"2008-02-04","Local",53.0233,"GB","Europ"
11.32903,"Weimar","WE-5B0343D9",51,"2009-08-19","Outlet",50.9803,"DE","Europ"
9.5586,"Schleswig","SC-8724E112",118,"2002-09-30","Super Store",54.52156,"DE","Europ"
-91.73625,"Searcy","SE-F428A035",34,"2012-05-10","Local",35.25064,"US","America"
-0.29825,"Surbiton","SU-40E3321A",127,"2010-03-16","Super Store",51.39148,"GB","Europ"
-3.52751,"Exeter","EX-9ED6711E",4,"1999-12-10","Mall Kiosk",50.7236,"GB","Europ"
-0.36053,"Bushey","BU-550D8325",33,"2018-02-18","Local",51.64316,"GB","Europ"
12.16179,"Landshut","LA-9F489A77",34,"2011-05-02","Local",48.52961,"DE","Europ"
7.36027,"Radevormwald","RA-583F0CF9",135,"2010-03-15","Super Store",51.20219,"DE","Europ"
-1.32471,"Newbury","NE-01250B4B",30,"2021-03-12","Local",51.40148,"GB","Europ"
13.29371,"Charlottenburg-Nord","CH-7C155EA7",110,"2011-03-27","Super Store",52.53048,"DE","Europ"
9.47629,"Stade","ST-4D2E1D55",30,"2005-04-28","Local",53.59337,"DE","Europ"
-2.58736,"Arbroath","AR-2D9D5CD3",5,"2000-12-29","Mall Kiosk",56.56317,"GB","Europ"
-117.14392,"Mira Mesa","MI-20EE1BFA",20,"2006-07-07","Local",32.9156,"US","America"
0.47713,"Strood","ST-119B11EA",81,"2022-01-20","Outlet",51.39323,"GB","Europ"
7.11393,"Burscheid","BU-89E4DEC5",7,"2017-01-09","Mall Kiosk",51.08468,"DE","Europ"
8.51667,"Verl","VE-B81F9500",4,"2000-07-10","Mall Kiosk",51.88333,"DE","Europ"
6.9747,"Wesseling","WE-DC3933D4",21,"1997-08-29","Local",50.82709,"DE","Europ"
1.15597,"Clacton-On-Sea","CL-0FB1065C",28,"2021-04-17","Local",51.78967,"GB","Europ"
9.22796,"Pfullingen","PF-D90B564A",6,"1997-12-01","Mall Kiosk",48.46458,"DE","Europ"
8.61839,"Bensheim","BE-028A2748",85,"2005-10-31","Outlet",49.68369,"DE","Europ"
-1.08593,"Southsea","SO-6D546AD2",41,"2011-09-25","Outlet",50.79205,"GB","Europ"
-0.74934,"High Wycombe","HI-BED70096",57,"1994-11-01","Outlet",51.62907,"GB","Europ"
1.26738,"Walton-On-The-Naze","WA-FF3389AF",4,"2001-02-16","Mall Kiosk",51.84819,"GB","Europ"
-1.47217,"Chapletown","CH-7E92F288",7,"2003-08-08","Mall Kiosk",53.46506,"GB","Europ"
10.98461,"Friedberg","FR-C04291C3",33,"2012-02-15","Local",48.35693,"DE","Europ"
9.17702,"Stuttgart","ST-B754F535",33,"2021-06-26","Local",48.78232,"DE","Europ"
-1.5443,"Lymington","LY-FC3B1157",37,"1993-05-06","Local",50.75767,"GB","Europ"
-1.48119,"Belper","BE-09F94471",34,"2012-09-15","Local",53.0233,"GB","Europ"
-0.76667,"Gainsborough","GA-400CC35C",7,"2021-06-16","Mall Kiosk",53.38333,"GB","Europ"
-2.52398,"Winsford","WI-56B02C82",35,"1999-11-05","Local",53.19146,"GB","Europ"
-0.74934,"High Wycombe","HI-F2784D72",38,"2008-02-27","Local",51.62907,"GB","Europ"
-1.29243,"Mexborough","ME-D9ECD7DF",21,"2019-07-12","Local",53.49389,"GB","Europ"
-2.68758,"Leyland","LE-14B7245B",102,"2022-08-31","Super Store",53.69786,"GB","Europ"
-4.21376,"Rutherglen","RU-AE12736B",29,"2008-03-27","Local",55.82885,"GB","Europ"
-0.32247,"Lancing","LA-DE474D42",36,"2019-08-07","Local",50.82882,"GB","Europ"
8.77155,"Karben","KA-9D87BC15",69,"2010-07-23","Super Store",50.23019,"DE","Europ"
-1.47217,"Chapletown","CH-DCCDE05E",29,"2013-11-17","Local",53.46506,"GB","Europ"
-1.47217,"Chapletown","CH-FBB32B94",30,"2011-06-18","Local",53.46506,"GB","Europ"
9.47629,"Stade","ST-10F19C97",20,"2001-11-28","Local",53.59337,"DE","Europ"
-74.01042,"Newburgh","NE-C83B8B22",21,"2014-07-03","Local",41.50343,"US","America"
-1.06667,"Selby","SE-8DF6557B",20,"2020-02-01","Local",53.78333,"GB","Europ"
-0.29825,"Surbiton","SU-346D5CF2",31,"2021-02-27","Local",51.39148,"GB","Europ"
-0.36053,"Bushey","BU-784362E0",127,"2015-12-13","Super Store",51.64316,"GB","Europ"
-2.58736,"Arbroath","AR-0C5116E4",82,"2008-09-01","Outlet",56.56317,"GB","Europ"
6.8625,"Oberhausen","OB-7A4A9012",20,"1996-06-05","Local",51.47805,"DE","Europ"
7.36027,"Radevormwald","RA-2A22B217",103,"2007-02-03","Super Store",51.20219,"DE","Europ"
-2.1875,"Westbury","WE-605028E4",32,"1993-09-28","Local",51.26,"GB","Europ"
9.22796,"Pfullingen","PF-1D7B0646",68,"1995-11-07","Super Store",48.46458,"DE","Europ"
-0.32247,"Lancing","LA-77BE2ADA",37,"2002-08-16","Local",50.82882,"GB","Europ"
12.1369,"Zeitz","ZE-BBF02AEA",31,"2002-07-30","Local",51.04962,"DE","Europ"
-4.0573,"Viewpark","VI-BCBBC21A",90,"2014-09-03","Outlet",55.82737,"GB","Europ"
-2.52398,"Winsford","WI-37616D0E",37,"2000-08-19","Local",53.19146,"GB","Europ"
-3.05814,"Rhosllanerchrugog","RH-F3E200B7",6,"2006-07-26","Mall Kiosk",53.00974,"GB","Europ"
-0.36053,"Bushey","BU-19BB50F6",31,"2007-02-28","Local",51.64316,"GB","Europ"
8.77069,"Marburg An Der Lahn","MA-316BDC6E",83,"2011-11-06","Outlet",50.80904,"DE","Europ"
1.15597,"Clacton-On-Sea","CL-C183BE4B",99,"1998-12-19","Super Store",51.78967,"GB","Europ"
-84.62081,"Waverly","WA-F4396DF8",29,"1993-11-24","Local",42.7392,"US","America"
8.77069,"Marburg An Der Lahn","MA-0D207813",66,"1995-12-30","Outlet",50.80904,"DE","Europ"
-2.98333,"Poulton-Le-Fylde","PO-99029708",51,"2006-10-18","Outlet",53.83333,"GB","Europ"
-0.76667,"Gainsborough","GA-190B3F6D",24,"2003-04-07","Local",53.38333,"GB","Europ"
-0.36053,"Bushey","BU-5B54171E",37,"1997-02-07","Local",51.64316,"GB","Europ"
10.18527,"Memmingen","ME-9940FF73",7,"2003-05-27","Mall Kiosk",47.98372,"DE","Europ"
1.15597,"Clacton-On-Sea","CL-DA5365DF",39,"2005-08-01","Local",51.78967,"GB","Europ"
-0.29825,"Surbiton","SU-5F78B30A",29,"2006-02-20","Local",51.39148,"GB","Europ"
-1.5443,"Lymington","LY-89B9F675",29,"1994-08-09","Local",50.75767,"GB","Europ"
8.96317,"Hechingen","HE-2908B53E",21,"2021-02-20","Local",48.35149,"DE","Europ"
-2.58736,"Arbroath","AR-D3FDDD1D",124,"2019-12-08","Super Store",56.56317,"GB","Europ"
7.20769,"Siegburg","SI-66F97423",74,"2008-03-08","Super Store",50.80019,"DE","Europ"
9.22796,"Pfullingen","PF-BADFAEDC",8,"2014-05-24","Mall Kiosk",48.46458,"DE","Europ"
-1.32471,"Newbury","NE-EE2A190D",87,"2015-02-12","Super Store",51.40148,"GB","Europ"
-1.06667,"Selby","SE-596EAA50",6,"1994-09-10","Mall Kiosk",53.78333,"GB","Europ"
7.36027,"Radevormwald","RA-C25EE56A",34,"2005-01-04","Local",51.20219,"DE","Europ"
9.72749,"Ehingen","EH-BB9AECF5",26,"2006-05-22","Local",48.28259,"DE","Europ"
9.22796,"Pfullingen","PF-F95902BC",23,"2018-05-26","Local",48.46458,"DE","Europ"
-88.3162,"Crystal Lake","CR-6B885B5E",25,"2001-11-11","Local",42.24113,"US","America"
0.30367,"Hartley","HA-1BAE9B71",7,"2006-06-15","Mall Kiosk",51.38673,"GB","Europ"
10.18527,"Memmingen","ME-B363FDAA",22,"2005-12-23","Local",47.98372,"DE","Europ"
8.64409,"Trossingen","TR-4E1AF636",23,"2022-06-21","Local",48.07667,"DE","Europ"
-4.0573,"Viewpark","VI-43751A71",122,"2003-11-19","Super Store",55.82737,"GB","Europ"
13.28702,"Dahlem","DA-D9DC550B",25,"1998-04-22","Local",52.4581,"DE","Europ"
12.16179,"Landshut","LA-347073D1",28,"2011-03-27","Local",48.52961,"DE","Europ"
-4.0573,"Viewpark","VI-9A93E3E2",38,"2013-04-29","Local",55.82737,"GB","Europ"
13.29371,"Charlottenburg-Nord","CH-6D105C69",5,"2004-01-27","Mall Kiosk",52.53048,"DE","Europ"
9.17702,"Stuttgart","ST-06E21C4A",23,"2008-03-31","Local",48.78232,"DE","Europ"
10.98461,"Friedberg","FR-0FA7D921",31,"2012-03-15","Local",48.35693,"DE","Europ"
1.15597,"Clacton-On-Sea","CL-361E75EC",112,"2001-05-20","Super Store",51.78967,"GB","Europ"
1.26738,"Walton-On-The-Naze","WA-905645E6",36,"2010-08-09","Local",51.84819,"GB","Europ"
-1.5443,"Lymington","LY-73842BE8",23,"2012-11-28","Local",50.75767,"GB","Europ"
9.85,"Halstenbek","HA-B6953307",8,"1993-10-02","Mall Kiosk",53.63333,"DE","Europ"
-1.48119,"Belper","BE-F9462A80",100,"2019-01-16","Super Store",53.0233,"GB","Europ"
0.47713,"Strood","ST-3C93FBF2",26,"2014-08-19","Local",51.39323,"GB","Europ"
8.77069,"Marburg An Der Lahn","MA-20E6EB37",35,"2004-09-13","Local",50.80904,"DE","Europ"
-0.74934,"High Wycombe","HI-F27C7A84",71,"2007-07-21","Outlet",51.62907,"GB","Europ"
0.75,"Thetford","TH-D94B2E76",30,"2015-01-08","Local",52.41667,"GB","Europ"
-0.91979,"Lower Earley","LO-3DD01CA8",6,"2021-06-20","Mall Kiosk",51.42708,"GB","Europ"
10.03988,"Barmbek-Nord","BA-8BA66AA0",33,"2006-02-03","Local",53.6052,"DE","Europ"
13.28702,"Dahlem","DA-ACC520AE",30,"1994-03-07","Local",52.4581,"DE","Europ"
10.30215,"Bad Segeberg","BA-3A37248A",69,"2011-11-27","Super Store",53.94313,"DE","Europ"
-4.22398,"Inverness","IN-8A98027C",99,"1993-03-17","Super Store",57.47908,"GB","Europ"
13.29371,"Charlottenburg-Nord","CH-42F9D8D8",20,"2005-04-26","Local",52.53048,"DE","Europ"
-2.58736,"Arbroath","AR-F938FB8E",27,"2015-02-13","Local",56.56317,"GB","Europ"
12.1369,"Zeitz","ZE-EA9C82AA",40,"2001-02-19","Local",51.04962,"DE","Europ"
-3.52751,"Exeter","EX-41AC3888",24,"2010-07-19","Local",50.7236,"GB","Europ"
-1.47217,"Chapletown","CH-E1344D81",28,"1997-07-01","Local",53.46506,"GB","Europ"
-2.01111,"Great Wyrley","GR-18E26E0C",34,"1999-11-19","Local",52.66277,"GB","Europ"
-4.0573,"Viewpark","VI-B13ACF87",33,"2000-08-02","Local",55.82737,"GB","Europ"
9.72749,"Ehingen","EH-945D8F25",81,"2000-06-28","Super Store",48.28259,"DE","Europ"
-0.36053,"Bushey","BU-3FC2A064",25,"2016-11-25","Local",51.64316,"GB","Europ"
-1.29243,"Mexborough","ME-C1AF27C3",130,"2001-03-08","Super Store",53.49389,"GB","Europ"
-5.53715,"Penzance","PE-52B1E131",25,"2012-05-02","Local",50.11861,"GB","Europ"
-4.21376,"Rutherglen","RU-BFF916C5",128,"2001-05-23","Super Store",55.82885,"GB","Europ"
12.16179,"Landshut","LA-BC0455E1",7,"2005-08-05","Mall Kiosk",48.52961,"DE","Europ"
-1.48119,"Belper","BE-9A378A7F",22,"2015-02-03","Local",53.0233,"GB","Europ"
-0.32247,"Lancing","LA-C1E143DE",138,"2006-10-03","Super Store",50.82882,"GB","Europ"
8.86704,"Nidderau","NI-D757F308",27,"1997-05-01","Local",50.23805,"DE","Europ"
0.30367,"Hartley","HA-859769AF",30,"2019-09-04","Local",51.38673,"GB","Europ"
9.5926,"Walsrode","WA-0E6E657C",76,"2013-06-04","Super Store",52.86147,"DE","Europ"
0.47713,"Strood","ST-1DAA85E6",77,"2014-09-17","Super Store",51.39323,"GB","Europ"
-2.52398,"Winsford","WI-1BEEB9CA",137,"2021-01-12","Super Store",53.19146,"GB","Europ"
0.30367,"Hartley","HA-41E65DD9",119,"2019-11-23","Super Store",51.38673,"GB","Europ"
-74.07764,"Jersey City","JE-3AF1D134",38,"2015-10-02","Local",40.72816,"US","America"
-0.33525,"Kingston Upon Hull","KI-967D1E81",20,"2013-03-30","Local",53.7446,"GB","Europ"
10.03988,"Barmbek-Nord","BA-B0933185",85,"2007-12-15","Super Store",53.6052,"DE","Europ"
-78.87836,"Fayetteville","FA-6A7ABBAD",131,"2008-12-07","Super Store",35.05266,"US","America"
-0.36053,"Bushey","BU-3020DF6C",36,"2020-08-22","Local",51.64316,"GB","Europ"
10.98461,"Friedberg","FR-91D11D69",51,"2007-12-21","Outlet",48.35693,"DE","Europ"
0.47713,"Strood","ST-32641EC1",33,"1996-10-26","Local",51.39323,"GB","Europ"
9.5586,"Schleswig","SC-ADA59883",32,"2017-05-21","Local",54.52156,"DE","Europ"
-0.76667,"Gainsborough","GA-2252ED9A",31,"2009-11-19","Local",53.38333,"GB","Europ"
-2.1875,"Westbury","WE-298C66F0",111,"1998-02-27","Super Store",51.26,"GB","Europ"
-2.98333,"Poulton-Le-Fylde","PO-3A1A12CD",58,"2000-06-23","Outlet",53.83333,"GB","Europ"
-1.29772,"Cowes","CO-EAEDFFF3",30,"2008-03-20","Local",50.76306,"GB","Europ"
11.37703,"Gauting","GA-846D92B4",28,"1995-04-22","Local",48.06919,"DE","Europ"
-2.1875,"Westbury","WE-54DE559C",33,"2016-10-31","Local",51.26,"GB","Europ"
-5.53715,"Penzance","PE-60C328DB",20,"2013-10-25","Local",50.11861,"GB","Europ"
-3.05,"Blackpool","BL-8387506C",33,"2021-05-19","Local",53.81667,"GB","Europ"
6.8625,"Oberhausen","OB-B57D2016",82,"2014-05-21","Super Store",51.47805,"DE","Europ"
-122.39168,"Redding","RE-4D07B5F2",33,"2003-04-04","Local",40.58654,"US","America"
8.4493,"Hofheim Am Taunus","HO-85D2BA5B",82,"2016-02-06","Super Store",50.09019,"DE","Europ"
8.51667,"Verl","VE-EE7A1F48",118,"2010-05-21","Super Store",51.88333,"DE","Europ"
-3.05814,"Rhosllanerchrugog","RH-AB6C3782",27,"2015-02-19","Local",53.00974,"GB","Europ"
-2.09814,"Aberdeen","AB-316DE4BA",37,"1993-11-21","Local",57.14369,"GB","Europ"
-0.32247,"Lancing","LA-F0652295",33,"2018-02-13","Local",50.82882,"GB","Europ"
0.93333,"East Dereham","EA-6B5D31D8",56,"1994-09-16","Outlet",52.68333,"GB","Europ"
-1.48119,"Belper","BE-2DE7E6FD",72,"2013-11-19","Outlet",53.0233,"GB","Europ"
8.4493,"Hofheim Am Taunus","HO-978C59DC",87,"2014-04-07","Outlet",50.09019,"DE","Europ"
-0.33525,"Kingston Upon Hull","KI-AF3A421C",32,"2006-05-04","Local",53.7446,"GB","Europ"
-1.47217,"Chapletown","CH-C9AB9518",40,"2006-08-23","Local",53.46506,"GB","Europ"
-4.21376,"Rutherglen","RU-514020AC",80,"2015-03-20","Super Store",55.82885,"GB","Europ"
13.32127,"Wittenau","WI-5CDC1053",101,"2018-10-03","Super Store",52.59319,"DE","Europ"
-117.14392,"Mira Mesa","MI-D57825AA",4,"2000-02-12","Mall Kiosk",32.9156,"US","America"
-2.52398,"Winsford","WI-293A03C1",70,"2011-11-25","Outlet",53.19146,"GB","Europ"
-2.01111,"Great Wyrley","GR-84BD26D4",131,"2003-11-06","Super Store",52.66277,"GB","Europ"
0.75,"Thetford","TH-B6A0AB51",22,"2021-08-05","Local",52.41667,"GB","Europ"
-0.29825,"Surbiton","SU-203C8474",93,"2007-09-05","Super Store",51.39148,"GB","Europ"
-3.52751,"Exeter","EX-A3F2DB7C",6,"2014-07-28","Mall Kiosk",50.7236,"GB","Europ"
9.02596,"Albstadt","AL-9E1A5529",39,"2022-07-29","Local",48.21644,"DE","Europ"
1.15597,"Clacton-On-Sea","CL-DA786EF6",22,"2006-10-04","Local",51.78967,"GB","Europ"
9.15214,"Aschaffenburg","AS-D26C759B",20,"2004-12-07","Local",49.97704,"DE","Europ"
-89.99038,"Fairview Heights","FA-0A1B14FB",73,"1994-10-17","Outlet",38.58894,"US","America"
-0.74934,"High Wycombe","HI-FD1137FA",7,"1997-03-15","Mall Kiosk",51.62907,"GB","Europ"
1.15597,"Clacton-On-Sea","CL-7BF16887",23,"2018-03-09","Local",51.78967,"GB","Europ"
-5.53715,"Penzance","PE-360EA944",37,"1995-06-06","Local",50.11861,"GB","Europ"
-74.96933,"Sicklerville","SI-C489938D",80,"1994-02-28","Outlet",39.71734,"US","America"
12.16179,"Landshut","LA-7A9AA65C",129,"1994-12-02","Super Store",48.52961,"DE","Europ"
-2.09814,"Aberdeen","AB-4ABD6D51",6,"1994-08-19","Mall Kiosk",57.14369,"GB","Europ"
-0.33525,"Kingston Upon Hull","KI-137ED849",40,"2003-05-01","Local",53.7446,"GB","Europ"
7.36027,"Radevormwald","RA-5F41ED85",38,"2017-12-27","Local",51.20219,"DE","Europ"
-1.48119,"Belper","BE-7C142381",7,"2008-11-15","Mall Kiosk",53.0233,"GB","Europ"
-2.12139,"Brierley Hill","BR-FB62A5BA",4,"2004-12-30","Mall Kiosk",52.48173,"GB","Europ"
13.10984,"Oschatz","OS-EE0CC48A",28,"2015-05-11","Local",51.30001,"DE","Europ"
-4.0573,"Viewpark","VI-682A89FF",23,"1998-12-18","Local",55.82737,"GB","Europ"
11.37703,"Gauting","GA-5957F561",6,"2019-09-13","Mall Kiosk",48.06919,"DE","Europ"
-2.98333,"Poulton-Le-Fylde","PO-4AF8FC4D",38,"1999-03-30","Local",53.83333,"GB","Europ"
-1.06667,"Selby","SE-68A67454",30,"2004-08-13","Local",53.78333,"GB","Europ"
7.36027,"Radevormwald","RA-412FE889",72,"2009-07-22","Super Store",51.20219,"DE","Europ"
8.63333,"Kirchlengern","KI-81D6FEBD",33,"2001-01-12","Local",52.2,"DE","Europ"
-2.1875,"Westbury","WE-41EFA2D6",60,"2019-04-27","Outlet",51.26,"GB","Europ"
-2.68758,"Leyland","LE-1438EF01",23,"1995-01-20","Local",53.69786,"GB","Europ"
7.20769,"Siegburg","SI-3E5F4AD9",20,"2010-10-27","Local",50.80019,"DE","Europ"
9.22796,"Pfullingen","PF-F54C3265",37,"2006-07-08","Local",48.46458,"DE","Europ"
-74.13653,"Port Richmond","PO-D4D326B4",23,"2005-06-07","Local",40.63316,"US","America"
-1.06667,"Selby","SE-09EAF854",28,"2013-11-04","Local",53.78333,"GB","Europ"
-80.66756,"Belle Glade","BE-DAD46DCD",32,"1995-01-21","Local",26.68451,"US","America"
-1.48119,"Belper","BE-BC3E4F9A",111,"2002-11-07","Super Store",53.0233,"GB","Europ"
11.32903,"Weimar","WE-55D0E7FF",34,"1998-05-02","Local",50.9803,"DE","Europ"
0.47713,"Strood","ST-8D1A43F1",34,"2018-04-26","Local",51.39323,"GB","Europ"
8.51667,"Verl","VE-1050754E",24,"2007-09-03","Local",51.88333,"DE","Europ"
-1.47217,"Chapletown","CH-86DFF57D",27,"1997-10-26","Local",53.46506,"GB","Europ"
-2.01111,"Great Wyrley","GR-6D292223",22,"2018-02-26","Local",52.66277,"GB","Europ"
-0.74934,"High Wycombe","HI-D59BBEEC",114,"2017-06-19","Super Store",51.62907,"GB","Europ"
-1.47217,"Chapletown","CH-8A74708A",52,"1995-04-29","Outlet",53.46506,"GB","Europ"
-2.01111,"Great Wyrley","GR-30543E4C",137,"1999-11-24","Super Store",52.66277,"GB","Europ"
-2.01111,"Great Wyrley","GR-664E0CB3",38,"2011-08-15","Local",52.66277,"GB","Europ"
8.77155,"Karben","KA-249967D9",31,"1999-01-12","Local",50.23019,"DE","Europ"
-3.52751,"Exeter","EX-B1AACC7D",37,"2005-04-07","Local",50.7236,"GB","Europ"
-3.05,"Blackpool","BL-04FD6EF3",28,"2002-11-22","Local",53.81667,"GB","Europ"
-0.29825,"Surbiton","SU-B415327A",23,"2011-02-19","Local",51.39148,"GB","Europ"
1.26738,"Walton-On-The-Naze","WA-0A35C594",132,"2006-06-15","Super Store",51.84819,"GB","Europ"
-1.99421,"Devizes","DE-504A9BFE",38,"2013-05-04","Local",51.35084,"GB","Europ"
-2.58736,"Arbroath","AR-CB0D95D8",20,"2003-01-06","Local",56.56317,"GB","Europ"
9.20427,"Reutlingen","RE-FAF57EF7",4,"2013-07-13","Mall Kiosk",48.49144,"DE","Europ"
-2.09814,"Aberdeen","AB-337AEBA7",63,"1998-07-18","Outlet",57.14369,"GB","Europ"
-5.53715,"Penzance","PE-8BF5FE22",70,"2008-02-14","Outlet",50.11861,"GB","Europ"
-0.36053,"Bushey","BU-0FB4CF87",30,"2003-04-23","Local",51.64316,"GB","Europ"
10.18527,"Memmingen","ME-6529390A",78,"2005-06-13","Outlet",47.98372,"DE","Europ"
-1.32471,"Newbury","NE-2B35DCBD",23,"2011-08-20","Local",51.40148,"GB","Europ"
7.11393,"Burscheid","BU-90D457E0",40,"2004-11-17","Local",51.08468,"DE","Europ"
12.16179,"Landshut","LA-55069B69",6,"2001-05-04","Mall Kiosk",48.52961,"DE","Europ"
-1.47217,"Chapletown","CH-DEF208AA",8,"2022-02-25","Mall Kiosk",53.46506,"GB","Europ"
-69.96533,"Brunswick","BR-CACF7508",7,"2000-02-15","Mall Kiosk",43.91452,"US","America"
-2.01111,"Great Wyrley","GR-911A7DFC",66,"2010-02-02","Outlet",52.66277,"GB","Europ"
-3.05,"Blackpool","BL-9A86B74D",24,"1993-01-26","Local",53.81667,"GB","Europ"
-0.2,"Barnet","BA-99F54BD0",113,"2016-05-16","Super Store",51.65,"GB","Europ"
8.64409,"Trossingen","TR-658557DD",20,"2016-04-29","Local",48.07667,"DE","Europ"
-3.05,"Blackpool","BL-D6CF153F",4,"2004-03-15","Mall Kiosk",53.81667,"GB","Europ"
-2.58736,"Arbroath","AR-2284FD32",4,"2018-11-29","Mall Kiosk",56.56317,"GB","Europ"
7.02238,"Gronau","GR-63F021A1",6,"2020-02-22","Mall Kiosk",52.21099,"DE","Europ"
0.93333,"East Dereham","EA-EB4F2E1B",68,"2000-09-20","Outlet",52.68333,"GB","Europ"
10.5511,"Gifhorn","GI-718674C0",78,"2005-01-10","Super Store",52.47774,"DE","Europ"
13.29371,"Charlottenburg-Nord","CH-7638016B",31,"2000-06-27","Local",52.53048,"DE","Europ"
-0.76667,"Gainsborough","GA-D570038A",137,"1996-05-18","Super Store",53.38333,"GB","Europ"
8.4493,"Hofheim Am Taunus","HO-16A376B0",28,"2022-06-18","Local",50.09019,"DE","Europ"
-2.09814,"Aberdeen","AB-30E0C17F",37,"2003-05-17","Local",57.14369,"GB","Europ"
8.86704,"Nidderau","NI-AB0FECD7",90,"2022-10-12","Outlet",50.23805,"DE","Europ"
-1.06667,"Selby","SE-C44E6951",40,"1993-04-19","Outlet",53.78333,"GB","Europ"
-1.29772,"Cowes","CO-308FF73B",39,"2019-01-06","Local",50.76306,"GB","Europ"
-3.52751,"Exeter","EX-B4EE25D8",38,"2007-05-27","Local",50.7236,"GB","Europ"
-1.06667,"Selby","SE-E21DDC72",35,"2017-09-04","Local",53.78333,"GB","Europ"
0.75,"Thetford","TH-142AE777",94,"2007-05-05","Super Store",52.41667,"GB","Europ"
-104.22884,"Carlsbad","CA-70469742",5,"2012-09-22","Mall Kiosk",32.42067,"US","America"
-1.32471,"Newbury","NE-6046DE65",29,"1996-06-01","Local",51.40148,"GB","Europ"
-82.46148,"Lutz","LU-439557A9",4,"2012-08-18","Mall Kiosk",28.15112,"US","America"
-0.29825,"Surbiton","SU-163D2755",77,"2012-10-07","Outlet",51.39148,"GB","Europ"
-4.0573,"Viewpark","VI-8EBC5471",27,"2004-01-23","Local",55.82737,"GB","Europ"
-0.36053,"Bushey","BU-834779E4",93,"2017-11-17","Super Store",51.64316,"GB","Europ"
-77.4286,"Sterling","ST-6590521C",32,"1996-02-04","Local",39.00622,"US","America"
8.4493,"Hofheim Am Taunus","HO-CE40B554",134,"2019-12-18","Super Store",50.09019,"DE","Europ"
-0.91979,"Lower Earley","LO-8E1CA9E3",96,"1996-09-18","Super Store",51.42708,"GB","Europ"
-0.29825,"Surbiton","SU-ABF4F9A1",7,"2001-05-18","Mall Kiosk",51.39148,"GB","Europ"
-1.29772,"Cowes","CO-9A576872",84,"2015-03-06","Outlet",50.76306,"GB","Europ"
9.02596,"Albstadt","AL-EE8984F0",5,"2003-10-16","Mall Kiosk",48.21644,"DE","Europ"
9.02596,"Albstadt","AL-FB5FAE9B",22,"2005-03-26","Local",48.21644,"DE","Europ"
0.93333,"East Dereham","EA-EC2DAADE",36,"2010-11-15","Local",52.68333,"GB","Europ"
9.17702,"Stuttgart","ST-D14ED89D",59,"1998-09-29","Outlet",48.78232,"DE","Europ"
-0.91979,"Lower Earley","LO-C4AB23C1",22,"2015-08-31","Local",51.42708,"GB","Europ"
6.8625,"Oberhausen","OB-4B85CD4E",108,"1996-10-22","Super Store",51.47805,"DE","Europ"
-0.36053,"Bushey","BU-79F72A64",4,"2011-09-24","Mall Kiosk",51.64316,"GB","Europ"
8.91229,"Eppingen","EP-E66BE479",6,"1996-10-15","Mall Kiosk",49.13645,"DE","Europ"
1.26738,"Walton-On-The-Naze","WA-58021322",80,"2011-02-08","Super Store",51.84819,"GB","Europ"
6.51352,"Korschenbroich","KO-7E39C57F",33,"1995-02-26","Local",51.19139,"DE","Europ"
-0.74934,"High Wycombe","HI-AED3C6CD",29,"2012-06-21","Local",51.62907,"GB","Europ"
-2.09814,"Aberdeen","AB-D665986A",32,"2002-07-21","Local",57.14369,"GB","Europ"
8.70745,"Bretten","BR-B7C294A7",77,"2018-02-08","Outlet",49.03685,"DE","Europ"
-1.5443,"Lymington","LY-120579E6",34,"1998-05-05","Local",50.75767,"GB","Europ"
-2.01111,"Great Wyrley","GR-250FBD0C",27,"1994-11-24","Local",52.66277,"GB","Europ"
-1.08593,"Southsea","SO-B5B9CB3B",97,"2018-05-08","Super Store",50.79205,"GB","Europ"
12.16179,"Landshut","LA-6D1FE061",89,"2017-10-24","Outlet",48.52961,"DE","Europ"
8.70745,"Bretten","BR-09D8DE69",5,"1999-01-02","Mall Kiosk",49.03685,"DE","Europ"
-2.1875,"Westbury","WE-C5C34475",134,"1994-01-29","Super Store",51.26,"GB","Europ"
-4.22398,"Inverness","IN-827175EE",36,"2010-06-06","Local",57.47908,"GB","Europ"
8.51667,"Verl","VE-38B76FFE",28,"2006-07-18","Local",51.88333,"DE","Europ"
13.10984,"Oschatz","OS-4BF93680",34,"2020-11-13","Local",51.30001,"DE","Europ"
11.32903,"Weimar","WE-69BFEA46",53,"2009-07-26","Outlet",50.9803,"DE","Europ"
9.85,"Halstenbek","HA-FC4E6AFF",32,"2017-06-01","Local",53.63333,"DE","Europ"
-3.52751,"Exeter","EX-A01E0020",39,"2004-01-23","Local",50.7236,"GB","Europ"
-97.92977,"Hutchinson","HU-57B095A2",40,"1998-01-22","Local",38.06084,"US","America"
13.29371,"Charlottenburg-Nord","CH-01DEFD68",36,"1998-04-01","Local",52.53048,"DE","Europ"
-4.21376,"Rutherglen","RU-9D16C525",4,"1998-09-11","Mall Kiosk",55.82885,"GB","Europ"
-73.78458,"Scarsdale","SC-FFDD5A57",7,"1999-09-18","Mall Kiosk",41.0051,"US","America"
-0.33525,"Kingston Upon Hull","KI-DD9663C2",28,"1997-03-25","Local",53.7446,"GB","Europ"
-3.52751,"Exeter","EX-B3F5CFB1",20,"1996-07-09","Local",50.7236,"GB","Europ"
-88.64235,"Iron River","IR-C8DAAB31",28,"2002-05-14","Local",46.09273,"US","America"
6.9747,"Wesseling","WE-A6C131B0",113,"1997-09-15","Super Store",50.82709,"DE","Europ"
6.8625,"Oberhausen","OB-FDC2CF69",36,"2015-07-05","Local",51.47805,"DE","Europ"
10.30215,"Bad Segeberg","BA-25629F8E",24,"2021-08-11","Local",53.94313,"DE","Europ"
-0.74934,"High Wycombe","HI-7B43DCA9",35,"2009-09-20","Local",51.62907,"GB","Europ"
8.96317,"Hechingen","HE-84E62AB9",30,"2001-04-20","Local",48.35149,"DE","Europ"
-4.21376,"Rutherglen","RU-DA6DCDA7",38,"2000-12-28","Local",55.82885,"GB","Europ"
-4.22398,"Inverness","IN-E47115F0",32,"1995-08-26","Local",57.47908,"GB","Europ"
10.30215,"Bad Segeberg","BA-91C512D2",26,"2007-10-04","Local",53.94313,"DE","Europ"
-88.81395,"Jackson","JA-49A2D7F5",40,"1994-12-04","Local",35.61452,"US","America"
-4.22398,"Inverness","IN-C4060B7D",25,"1999-05-16","Local",57.47908,"GB","Europ"
-1.47217,"Chapletown","CH-6ADEBD99",7,"2005-11-08","Mall Kiosk",53.46506,"GB","Europ"
-0.36053,"Bushey","BU-B5B6F452",25,"2009-02-28","Local",51.64316,"GB","Europ"
-1.06667,"Selby","SE-531CB6EE",36,"1994-10-11","Local",53.78333,"GB","Europ"
-0.29825,"Surbiton","SU-EFC31DF9",96,"2017-06-12","Super Store",51.39148,"GB","Europ"
0.47713,"Strood","ST-76D54DCB",59,"1998-09-29","Outlet",51.39323,"GB","Europ"
8.96317,"Hechingen","HE-A49D28DF",24,"2001-07-27","Local",48.35149,"DE","Europ"
-0.32247,"Lancing","LA-0E85631B",29,"2010-07-26","Local",50.82882,"GB","Europ"
13.29371,"Charlottenburg-Nord","CH-99475026",39,"1995-03-05","Local",52.53048,"DE","Europ"
9.22796,"Pfullingen","PF-4FB7B30C",21,"2001-05-10","Local",48.46458,"DE","Europ"
9.02596,"Albstadt","AL-34ABF27F",37,"1997-01-30","Local",48.21644,"DE","Europ"
-0.91979,"Lower Earley","LO-74DBE049",26,"2019-07-19","Local",51.42708,"GB","Europ"
-0.91979,"Lower Earley","LO-EC0C9189",33,"2018-10-21","Local",51.42708,"GB","Europ"
-1.48119,"Belper","BE-C5C7E600",39,"1993-08-16","Local",53.0233,"GB","Europ"
-5.53715,"Penzance","PE-F9CF2B74",7,"2006-06-18","Mall Kiosk",50.11861,"GB","Europ"
9.15214,"Aschaffenburg","AS-373D10B2",51,"1997-09-17","Outlet",49.97704,"DE","Europ"
-3.05814,"Rhosllanerchrugog","RH-450F1A1B",23,"2004-01-23","Local",53.00974,"GB","Europ"
7.02238,"Gronau","GR-61A03D84",25,"1994-10-19","Local",52.21099,"DE","Europ"
-2.09814,"Aberdeen","AB-D04AA29C",68,"2002-07-23","Outlet",57.14369,"GB","Europ"
11.32903,"Weimar","WE-0E145AF9",29,"2019-01-04","Local",50.9803,"DE","Europ"
-73.20483,"Bridgeport","BR-0DCD7EE0",28,"2006-01-20","Local",41.16704,"US","America"
0.75,"Thetford","TH-B8F42840",70,"2018-03-30","Super Store",52.41667,"GB","Europ"
-2.01111,"Great Wyrley","GR-16C93F4D",29,"2005-03-13","Local",52.66277,"GB","Europ"
-3.05,"Blackpool","BL-190ABD7D",30,"2022-04-05","Local",53.81667,"GB","Europ"
11.34046,"Rudolstadt","RU-798BB83A",40,"1996-05-30","Local",50.72043,"DE","Europ"
0.30367,"Hartley","HA-10EEDC1D",31,"2004-02-13","Local",51.38673,"GB","Europ"
-2.09814,"Aberdeen","AB-FCFAB1A9",106,"2015-03-02","Super Store",57.14369,"GB","Europ"
13.31783,"Hermsdorf","HE-8818F573",7,"2005-07-20","Mall Kiosk",52.61131,"DE","Europ"
-4.22398,"Inverness","IN-CC1993CF",33,"1993-08-03","Local",57.47908,"GB","Europ"
-1.5443,"Lymington","LY-D37CAF45",20,"2021-06-15","Local",50.75767,"GB","Europ"
9.20427,"Reutlingen","RE-75445D60",31,"2013-05-08","Local",48.49144,"DE","Europ"
-1.29772,"Cowes","CO-3971C69C",33,"2004-10-11","Local",50.76306,"GB","Europ"
11.18709,"Neuburg An Der Donau","NE-D1A20330",5,"2017-01-10","Mall Kiosk",48.73218,"DE","Europ"
-0.32247,"Lancing","LA-A12C3D8F",38,"2003-12-11","Local",50.82882,"GB","Europ"
7.2278,"Bad Honnef","BA-C0C7FDBE",28,"2012-03-06","Local",50.64336,"DE","Europ"
6.74549,"Losheim","LO-F33AC948",31,"2003-11-05","Local",49.5099,"DE","Europ"
-2.98333,"Poulton-Le-Fylde","PO-E636D18D",73,"2010-10-18","Super Store",53.83333,"GB","Europ"
-2.68758,"Leyland","LE-1E8CCAFA",35,"2014-05-21","Local",53.69786,"GB","Europ"
-111.89903,"Scottsdale","SC-4AE031F4",37,"2017-10-26","Local",33.50921,"US","America"
-0.91979,"Lower Earley","LO-ED733BA2",48,"1996-12-11","Outlet",51.42708,"GB","Europ"
10.98461,"Friedberg","FR-A86E698A",21,"2016-03-16","Local",48.35693,"DE","Europ"
-0.33525,"Kingston Upon Hull","KI-107167CD",119,"2002-11-18","Super Store",53.7446,"GB","Europ"
-1.48119,"Belper","BE-7D0EF647",32,"1993-06-29","Local",53.0233,"GB","Europ"
-5.53715,"Penzance","PE-086FA5EE",32,"2018-04-10","Local",50.11861,"GB","Europ"
-5.53715,"Penzance","PE-78E2B585",5,"2003-08-05","Mall Kiosk",50.11861,"GB","Europ"
-2.58736,"Arbroath","AR-EE57502B",25,"2011-12-12","Local",56.56317,"GB","Europ"
-3.52751,"Exeter","EX-FA379F57",129,"1996-12-01","Super Store",50.7236,"GB","Europ"
7.02238,"Gronau","GR-9049A708",124,"2014-01-13","Super Store",52.21099,"DE","Europ"
1.26738,"Walton-On-The-Naze","WA-ED4B495E",21,"2001-09-05","Local",51.84819,"GB","Europ"
-122.38731,"Troutdale","TR-8CD56339",133,"2004-02-09","Super Store",45.53929,"US","America"
-93.263,"Columbia Heights","CO-D819CC5E",38,"2010-02-06","Local",45.0408,"US","America"
-3.52751,"Exeter","EX-82831D93",107,"2017-09-10","Super Store",50.7236,"GB","Europ"
-2.1875,"Westbury","WE-FF0F6BA4",20,"2010-04-06","Local",51.26,"GB","Europ"
8.91229,"Eppingen","EP-6E0918AF",21,"2022-02-23","Local",49.13645,"DE","Europ"
-87.882,"Westchester","WE-B278D336",62,"1997-11-14","Super Store",41.85059,"US","America"
-0.36053,"Bushey","BU-FB96B095",86,"2021-11-24","Outlet",51.64316,"GB","Europ"
6.51352,"Korschenbroich","KO-975B107F",37,"2017-05-28","Local",51.19139,"DE","Europ"
-3.52751,"Exeter","EX-2E8DF595",35,"1998-08-05","Local",50.7236,"GB","Europ"
0.30367,"Hartley","HA-CCBCBF87",24,"2001-06-06","Local",51.38673,"GB","Europ"
-2.58736,"Arbroath","AR-ADA61B10",134,"2006-10-03","Super Store",56.56317,"GB","Europ"
-4.21376,"Rutherglen","RU-F0666E4B",32,"2006-10-09","Local",55.82885,"GB","Europ"
1.26738,"Walton-On-The-Naze","WA-A34BF06C",130,"2016-03-20","Super Store",51.84819,"GB","Europ"
-1.48119,"Belper","BE-6F48991F",77,"1994-12-27","Super Store",53.0233,"GB","Europ"
13.29371,"Charlottenburg-Nord","CH-C98AC168",39,"2021-02-28","Local",52.53048,"DE","Europ"
-1.99421,"Devizes","DE-12392F66",139,"1996-10-16","Super Store",51.35084,"GB","Europ"
-0.2,"Barnet","BA-41B2EB4B",8,"2022-07-16","Mall Kiosk",51.65,"GB","Europ"
-2.52398,"Winsford","WI-1EA140B1",68,"1996-11-16","Outlet",53.19146,"GB","Europ"
-1.47217,"Chapletown","CH-01D85C8D",35,"2005-09-01","Local",53.46506,"GB","Europ"
-4.0573,"Viewpark","VI-68DB8362",29,"2022-08-20","Local",55.82737,"GB","Europ"
-3.05814,"Rhosllanerchrugog","RH-80D609C9",23,"2017-01-14","Local",53.00974,"GB","Europ"
-2.09814,"Aberdeen","AB-D5ABF437",22,"2020-12-15","Local",57.14369,"GB","Europ"
-1.48119,"Belper","BE-B069E157",40,"2019-10-30","Local",53.0233,"GB","Europ"
1.26738,"Walton-On-The-Naze","WA-A41DA979",98,"2014-06-04","Super Store",51.84819,"GB","Europ"
-1.29772,"Cowes","CO-473A9FBB",94,"2008-06-08","Super Store",50.76306,"GB","Europ"
8.63333,"Kirchlengern","KI-78096E8C",61,"2005-05-12","Super Store",52.2,"DE","Europ"
-0.74934,"High Wycombe","HI-EEA7AE62",33,"1998-05-14","Local",51.62907,"GB","Europ"
8.70745,"Bretten","BR-662EC74C",35,"2020-10-17","Local",49.03685,"DE","Europ"
7.2278,"Bad Honnef","BA-B4AED588",36,"2001-05-12","Local",50.64336,"DE","Europ"
